{
    "66": 0.00695925925925926,
    "68": 0.08004074074074075,
    "77": 0.0723037037037037,
    "48": 0.20367592592592593,
    "92": 0.06253333333333333
}