{
    "47": 0.006442788755713926,
    "50": 0.22036857070870677,
    "92": 0.26723176042903934
}